Flow ID,Flow Duration,Total Fwd Packets,Total Backward Packets,Total Length of Fwd Packets,Total Length of Bwd Packets,Flow Bytes/s,Flow Packets/s,Fwd Packet Length Mean,Bwd Packet Length Mean,Label
1,12008,475,22,37969,3308,58025.01,473.33,670.87,43.6,Attack
2,45774,40,28,4120,1697,2315.24,2.81,72.65,167.22,Normal
3,7759,204,14,37088,3819,39236.79,656.67,1017.86,51.2,Attack
4,28664,43,29,7886,1248,16567.0,121.95,206.35,213.16,Normal
5,28419,20,37,6867,427,33509.78,95.94,172.4,62.94,Normal
6,23191,372,4,21193,4214,39970.24,599.22,571.17,34.27,Attack
7,11804,413,16,43401,3694,193477.94,498.75,712.9,119.79,Attack
8,47941,78,7,3352,434,28745.18,45.18,253.01,268.79,Normal
9,13571,11,28,7515,2279,12811.36,39.71,201.34,74.63,Normal
10,21442,237,6,49816,4779,146319.37,596.69,1196.4,135.68,Attack
11,72221,67,28,7996,5871,4073.82,91.33,90.84,204.92,Normal
12,78656,7,15,5668,5329,5520.33,126.26,95.31,146.49,Normal
13,10068,323,32,45387,3977,123735.62,254.29,720.07,40.51,Attack
14,17666,66,5,7056,4945,3325.8,73.75,271.38,170.19,Normal
15,9844,140,37,33230,1408,33411.83,881.57,713.85,100.65,Attack
16,21586,178,17,27547,2082,45400.77,932.54,690.77,71.61,Attack
17,24078,230,33,35471,1826,241455.07,743.67,743.02,71.34,Attack
18,16394,56,69,2881,3261,29821.34,97.88,177.27,140.77,Normal
19,15966,8,31,2937,400,37885.89,98.89,210.51,157.35,Normal
20,26728,165,6,7642,616,144636.1,509.39,788.93,91.4,Attack
21,10817,53,5,36552,1398,31258.09,256.82,550.41,42.41,Attack
22,3523,372,2,6014,4450,132481.67,887.87,1112.93,105.39,Attack
23,70726,18,31,6907,4194,27230.59,118.06,123.21,192.63,Normal
24,8807,470,39,28580,1767,183400.59,378.06,762.56,147.88,Attack
25,72563,14,14,4660,5493,23994.23,120.43,115.53,60.5,Normal
26,15549,133,23,6134,196,203075.83,249.42,810.77,137.8,Attack
27,12574,165,20,30069,4674,216819.38,427.43,635.64,144.72,Attack
28,47642,45,38,4546,842,35597.79,15.78,244.54,234.75,Normal
29,57992,75,17,3749,1395,23009.62,6.73,73.8,95.32,Normal
30,61179,5,32,1490,3745,25099.69,21.75,161.22,119.79,Normal
31,25472,373,12,6551,4286,74234.33,908.41,287.55,141.2,Attack
32,74678,16,16,5247,1710,42645.54,62.25,41.81,101.45,Normal
33,592,188,24,24874,4595,59403.13,657.09,846.6,43.61,Attack
34,70733,62,31,5592,4329,1769.28,129.34,144.09,231.1,Normal
35,59886,5,10,7384,1133,36100.49,146.37,182.64,243.68,Normal
36,63335,74,26,3881,2284,46009.9,136.06,109.66,113.76,Normal
37,24247,398,1,47137,3985,107044.66,717.13,951.68,24.82,Attack
38,56214,62,47,1962,3479,35485.47,21.43,136.91,112.32,Normal
39,48016,54,48,745,1109,9481.2,109.24,51.32,86.69,Normal
40,79065,39,53,7679,6656,8903.02,115.63,85.02,219.28,Normal
41,20248,297,10,33890,170,80940.66,849.55,331.65,116.05,Attack
42,57256,17,4,4320,4831,2557.86,133.92,291.12,256.91,Normal
43,5466,496,14,19924,3438,211863.45,530.65,392.31,81.72,Attack
44,16411,61,29,7329,3206,10191.01,147.72,226.2,127.73,Normal
45,46606,62,10,4425,4080,31336.85,117.33,247.73,148.83,Normal
46,7695,77,49,6322,5794,42286.44,143.98,261.44,138.23,Normal
47,20795,5,38,7277,1568,25160.69,104.55,206.63,228.59,Normal
48,5769,26,61,4252,4699,13255.3,27.05,259.67,120.51,Normal
49,1796,163,9,6813,2945,115056.44,850.41,465.37,141.97,Attack
50,7747,20,59,654,1474,29144.43,65.44,160.87,43.29,Normal
51,53984,33,7,7858,2162,8797.15,33.07,173.92,271.44,Normal
52,61250,40,38,7148,3383,36047.09,98.77,247.32,205.31,Normal
53,28776,46,41,7904,2657,19996.29,99.39,205.81,40.93,Normal
54,6039,230,23,19296,1621,179044.15,919.19,823.48,132.22,Attack
55,13155,58,14,3787,1757,17905.32,76.37,56.06,106.98,Normal
56,42065,78,33,1533,6426,33008.46,20.48,175.45,270.09,Normal
57,59384,35,9,7324,6246,38233.11,145.3,203.58,269.15,Normal
58,33693,73,17,6611,5218,18866.42,21.14,221.12,31.49,Normal
59,36616,12,42,7237,3783,13994.89,114.41,260.11,139.58,Normal
60,53190,28,3,681,3267,40380.67,73.69,274.66,184.69,Normal
61,23460,482,4,49781,242,99982.98,456.14,878.11,54.75,Attack
62,50714,69,32,2434,6881,49567.17,50.8,105.78,51.87,Normal
63,36024,54,4,4269,3611,13524.07,136.03,195.39,57.02,Normal
64,23077,332,5,12610,4390,185504.33,655.5,797.29,41.36,Attack
65,10258,68,16,6544,1840,29475.04,17.35,104.76,149.67,Normal
66,73148,6,28,4988,2533,9394.31,147.57,74.47,32.89,Normal
67,14079,248,13,9138,1723,211701.9,810.47,996.01,114.33,Attack
68,24457,37,24,5615,2754,43602.12,10.28,265.06,254.52,Normal
69,63871,63,53,3630,4317,5229.0,89.36,219.71,93.95,Normal
70,18478,142,10,34267,291,185459.54,679.83,803.85,94.53,Attack
71,5343,142,6,29703,344,78818.1,114.17,864.2,128.93,Attack
72,78847,31,24,1418,899,19340.85,144.55,206.12,254.13,Normal
73,50236,21,6,2068,6518,3846.82,96.74,53.52,234.66,Normal
74,41631,67,10,3601,4388,36667.2,4.9,140.98,105.48,Normal
75,57921,60,62,1049,2580,6821.82,143.54,213.24,197.77,Normal
76,54689,38,39,7414,2420,39874.77,72.96,215.38,121.67,Normal
77,41212,38,42,7747,5355,4431.26,22.97,39.91,152.6,Normal
78,43044,72,53,7834,2553,31048.68,114.28,245.44,39.7,Normal
79,14707,89,16,9017,4819,211228.83,149.7,665.68,32.16,Attack
80,21742,158,8,27520,2460,77790.8,286.55,851.52,90.71,Attack
81,70318,23,35,828,2354,785.05,112.46,112.07,28.65,Normal
82,18986,28,39,1724,2214,6040.02,126.81,84.54,249.48,Normal
83,28101,320,5,39397,3027,191970.35,168.83,618.58,44.97,Attack
84,57083,10,17,814,4176,24219.5,122.58,59.89,53.3,Normal
85,60609,31,22,202,357,2289.94,39.99,201.75,157.93,Normal
86,27662,34,25,1138,2664,46726.81,59.78,268.25,163.47,Normal
87,54811,25,29,5417,1083,38361.72,109.55,275.91,152.66,Normal
88,22169,498,29,39039,2904,186911.89,626.05,432.06,88.48,Attack
89,75031,79,25,1796,3539,42180.65,24.68,49.17,176.76,Normal
90,71235,51,3,6569,2998,40117.65,63.77,196.61,241.84,Normal
91,23952,277,8,9117,872,129105.29,945.94,1132.32,110.4,Attack
92,25959,152,16,32586,498,218786.49,372.23,518.05,20.72,Attack
93,26523,304,4,15561,2867,92811.93,462.1,856.06,109.42,Attack
94,75313,65,69,5076,3535,18326.75,38.18,265.9,29.32,Normal
95,10641,450,4,29351,1750,159471.09,715.11,712.92,132.24,Attack
96,56990,52,20,5782,2506,4505.5,109.89,112.7,41.75,Normal
97,8561,16,8,5336,6658,46861.98,49.38,71.07,76.33,Normal
98,67592,40,22,7874,2135,33358.32,146.41,244.18,173.02,Normal
99,10859,246,34,23485,3737,152744.04,722.09,962.89,14.45,Attack
100,72969,55,25,5026,3170,37263.97,55.76,262.24,251.97,Normal
101,52333,57,30,345,6304,30551.15,96.71,201.21,150.92,Normal
102,11586,403,19,13367,2750,161949.69,820.07,1135.17,114.74,Attack
103,76932,51,66,6068,4838,49388.65,144.5,176.76,189.68,Normal
104,61661,36,13,4455,1049,15504.85,37.8,276.59,273.88,Normal
105,71412,25,46,1580,5216,26026.13,10.34,143.95,157.08,Normal
106,37606,47,42,4393,706,16596.91,133.1,164.41,124.32,Normal
107,59748,78,34,7884,2075,37930.08,28.73,99.55,93.24,Normal
108,73497,34,65,4992,6794,42073.13,49.71,115.58,205.28,Normal
109,59021,26,55,2133,4259,30229.42,6.01,33.16,222.15,Normal
110,35080,13,16,6809,5276,32736.03,114.89,197.65,250.28,Normal
111,14474,33,65,4193,4149,48870.12,45.02,201.22,29.87,Normal
112,21725,315,1,5082,2727,200346.59,307.72,1124.52,91.91,Attack
113,37093,9,61,1840,3106,49611.82,80.33,185.84,25.35,Normal
114,40773,37,27,3672,2546,24590.11,66.49,259.49,197.67,Normal
115,5551,165,37,43462,4557,63133.78,240.01,768.46,29.54,Attack
116,15492,70,57,5067,2099,44063.91,18.63,167.0,145.43,Normal
117,22429,9,24,2233,315,1670.11,88.64,230.77,47.77,Normal
118,8987,67,61,1120,2918,33543.72,133.04,189.76,116.86,Normal
119,69044,43,66,1541,171,34784.98,107.73,154.0,172.21,Normal
120,22159,16,58,5089,6646,9458.36,19.09,170.23,30.95,Normal
121,17874,50,23,7406,3494,31840.99,117.78,61.03,59.13,Normal
122,30184,36,31,3423,5656,20241.73,38.58,277.88,268.55,Normal
123,27677,71,49,6559,5353,35582.86,43.05,32.74,222.09,Normal
124,57733,78,31,4630,2994,27452.21,87.78,38.96,100.13,Normal
125,26357,37,40,3711,2583,17994.36,46.54,238.95,239.03,Normal
126,43360,14,43,444,1166,30743.56,143.75,169.71,36.95,Normal
127,27145,107,6,23845,186,106331.79,170.7,399.51,45.55,Attack
128,7049,32,31,1331,5955,35949.46,95.81,273.78,153.29,Normal
129,23047,21,64,5804,3897,46581.96,116.42,94.77,52.86,Normal
130,8051,46,40,2576,5054,20150.59,10.74,174.17,29.48,Normal
131,74092,14,20,3829,6135,45661.99,23.65,46.81,200.51,Normal
132,60820,43,42,3840,1067,33793.8,77.32,221.77,219.26,Normal
133,25561,196,19,15442,68,211351.92,429.04,1127.36,12.35,Attack
134,37635,54,3,1663,863,9997.43,14.2,246.7,78.27,Normal
135,10530,12,19,246,4815,39228.08,57.91,117.78,209.29,Normal
136,16534,48,38,4350,975,38786.92,68.02,58.48,123.31,Normal
137,6802,5,48,6840,3760,46754.58,32.81,175.99,256.06,Normal
138,70725,43,46,1908,467,36400.25,76.42,285.34,104.36,Normal
139,58707,33,40,809,4186,17623.78,4.85,48.27,64.39,Normal
140,61491,76,47,2308,5941,36354.77,118.5,31.49,37.29,Normal
141,68704,78,68,7915,1724,41529.73,72.72,244.07,102.09,Normal
142,77694,64,3,3441,4594,34215.33,37.76,80.04,199.07,Normal
143,29390,434,12,6361,4065,176689.82,344.23,532.21,96.69,Attack
144,40222,63,15,5358,5502,7842.99,143.34,142.8,209.15,Normal
145,24738,78,65,904,4347,29926.58,84.54,157.57,26.11,Normal
146,23589,43,32,4268,741,29130.15,78.07,32.07,116.81,Normal
147,64150,52,19,3153,6517,22211.46,47.46,74.76,129.46,Normal
148,10539,10,55,4324,5505,30279.79,1.78,275.6,38.85,Normal
149,79543,66,34,7507,2598,34775.59,9.72,194.91,101.0,Normal
150,24041,90,26,16683,2562,196818.8,321.66,206.44,119.69,Attack
151,49131,5,58,7341,6621,48752.26,20.75,194.3,106.31,Normal
152,48585,62,62,4307,2902,9268.91,13.63,251.84,150.54,Normal
153,74479,37,55,4050,512,12737.94,104.13,267.49,98.76,Normal
154,10311,61,20,4463,945,21561.92,11.16,225.16,113.2,Normal
155,10785,448,2,35131,4032,200205.76,202.99,399.84,89.2,Attack
156,14013,123,38,20166,2646,195580.42,219.38,965.16,141.46,Attack
157,11265,38,54,5996,1124,11808.51,96.5,155.26,258.74,Normal
158,17183,33,42,4010,2403,27736.21,29.02,254.47,151.66,Normal
159,11133,66,15,34084,1963,157823.32,122.47,452.65,16.33,Attack
160,60591,16,68,5053,6828,22962.58,62.71,132.71,64.31,Normal
161,61044,27,36,3204,6485,33834.91,78.24,261.71,120.71,Normal
162,54726,29,4,2309,2204,41390.35,11.27,127.72,104.53,Normal
163,19129,438,36,20596,2823,121293.67,637.1,902.49,96.37,Attack
164,36551,38,12,4997,1741,14202.98,93.32,205.76,276.95,Normal
165,1216,117,14,21753,3368,194065.74,294.6,874.4,121.1,Attack
166,26677,161,18,13252,2292,168608.77,418.33,565.89,105.09,Attack
167,72435,27,19,3169,2312,43734.45,16.74,210.64,179.47,Normal
168,21023,65,30,4883,4122,10377.35,138.49,60.81,119.65,Normal
169,9897,376,19,30640,164,91260.66,251.31,415.5,135.42,Attack
170,23141,56,52,4290,1415,35381.7,92.48,227.5,245.2,Normal
171,48001,20,8,3976,1435,35933.34,9.61,84.37,122.97,Normal
172,31736,49,31,3130,3351,20110.55,20.09,265.23,213.82,Normal
173,8299,73,22,5869,4216,178336.95,102.83,706.33,100.75,Attack
174,47557,18,13,3863,4719,41986.71,11.74,126.61,245.72,Normal
175,67623,57,66,4094,6694,22465.64,102.35,114.87,123.57,Normal
176,27671,49,7,1382,6222,19319.68,137.92,229.77,43.44,Normal
177,13501,150,27,27625,2609,75750.4,434.34,1089.88,34.81,Attack
178,7811,79,38,330,3748,40742.79,116.69,233.57,227.6,Normal
179,39766,49,41,5006,1603,20504.95,116.42,261.05,116.47,Normal
180,16761,104,23,19256,2517,120142.63,620.96,898.53,18.41,Attack
181,19967,138,32,7600,2118,163849.97,148.95,1103.19,141.63,Attack
182,44384,20,64,7325,6723,24550.65,110.19,33.35,82.64,Normal
183,3413,255,2,23689,3440,40704.69,716.86,225.24,59.72,Attack
184,8420,9,53,210,6289,3936.48,149.75,281.57,220.73,Normal
185,28428,203,12,15409,3029,174036.0,527.46,536.01,121.15,Attack
186,8748,69,68,3559,6252,28567.3,31.65,215.31,201.6,Normal
187,12821,219,38,35020,4508,210531.73,674.49,858.08,72.83,Attack
188,44099,38,10,950,4148,21828.93,3.86,185.95,91.13,Normal
189,12400,32,23,2661,6209,26495.59,148.78,94.67,207.06,Normal
190,17688,29,33,3242,1138,23442.96,30.42,263.43,128.92,Normal
191,12882,490,39,21986,870,96886.66,985.81,655.62,16.55,Attack
192,27946,426,36,19114,4401,135437.22,669.77,710.15,26.07,Attack
193,19090,162,25,8849,4891,112113.05,621.75,929.46,112.74,Attack
194,68208,16,49,7686,1085,16506.89,33.87,184.45,119.02,Normal
195,76910,57,11,7160,4976,10491.75,10.93,80.6,175.13,Normal
196,11893,7,28,6667,1717,32277.59,72.66,166.69,200.19,Normal
197,78530,8,53,600,4983,16688.14,96.94,91.34,230.13,Normal
198,35535,66,46,6385,3676,25608.12,117.97,166.41,270.83,Normal
199,67003,43,17,4053,1036,6450.35,90.68,87.41,236.26,Normal
200,28547,409,5,6988,2091,136555.77,708.51,999.72,36.52,Attack
201,7286,441,14,41932,3410,88080.96,297.74,756.46,119.41,Attack
202,66858,27,13,2320,4605,13852.61,15.61,79.74,183.97,Normal
203,50525,10,31,1365,3716,11228.62,119.34,286.64,121.22,Normal
204,68734,7,7,5285,3046,30370.71,141.52,59.97,47.59,Normal
205,55859,43,68,6937,5808,11749.85,66.47,211.1,240.71,Normal
206,35306,78,39,7528,3530,40249.78,45.33,110.25,116.24,Normal
207,7200,60,37,5043,5259,20845.91,55.82,146.22,95.42,Normal
208,7568,25,21,7301,444,36951.9,36.94,217.89,113.56,Normal
209,1396,470,27,31249,4238,126012.31,988.06,492.52,101.58,Attack
210,21707,85,21,34240,4794,132312.15,560.47,1140.42,73.39,Attack
211,8436,27,51,6277,5570,27561.52,10.66,49.15,123.85,Normal
212,54080,9,16,415,3341,47258.4,11.62,163.44,275.09,Normal
213,7368,27,9,2113,1863,46386.55,109.7,143.12,128.09,Normal
214,71320,60,36,6207,6232,5285.48,131.04,201.83,53.44,Normal
215,54377,21,51,6294,5661,49395.38,101.79,67.81,206.83,Normal
216,16399,93,10,42623,2893,223943.96,924.94,244.96,148.84,Attack
217,9884,148,1,6306,2409,215311.61,138.11,537.48,29.19,Attack
218,53354,29,59,4772,670,11789.95,112.11,267.32,25.03,Normal
219,6714,135,37,43709,4077,187221.08,115.43,399.25,22.46,Attack
220,55108,53,36,2624,544,14102.9,55.88,149.71,213.93,Normal
221,22894,314,16,29729,3124,142941.01,553.6,941.6,129.86,Attack
222,23711,58,40,3615,4487,18072.32,110.61,109.24,38.35,Normal
223,78969,8,43,1586,1462,7012.6,149.24,242.3,270.82,Normal
224,52254,61,62,1120,1134,13210.44,81.79,156.57,188.32,Normal
225,26959,42,27,5857,2656,43602.3,94.07,212.57,200.37,Normal
226,9271,265,12,45505,3691,142323.59,162.4,887.04,57.8,Attack
227,45818,59,51,3700,1539,43208.46,53.97,206.1,257.04,Normal
228,11791,305,4,17977,646,158626.98,642.74,245.45,119.49,Attack
229,37745,42,57,1084,2391,33639.6,88.58,65.5,100.3,Normal
230,6016,17,8,2911,5300,48506.14,55.8,251.97,163.06,Normal
231,72214,20,37,5336,1190,48510.65,23.38,251.15,97.87,Normal
232,57251,27,7,260,5595,22883.85,57.01,52.54,146.26,Normal
233,5737,270,33,42705,1697,189355.77,280.5,675.69,69.3,Attack
234,65263,20,16,5697,5520,32691.12,129.44,124.37,173.46,Normal
235,730,205,3,43556,4713,74756.02,944.57,722.76,33.08,Attack
236,10949,67,39,4816,3852,15581.62,39.76,104.35,102.24,Normal
237,77615,38,42,2882,1416,46564.46,135.08,180.83,273.42,Normal
238,5854,17,40,7031,5956,34925.63,51.4,236.84,61.43,Normal
239,51576,65,44,4545,188,22061.37,44.63,168.42,279.44,Normal
240,47107,49,49,7338,5776,29218.53,113.5,105.61,158.26,Normal
241,1172,290,17,31990,852,111286.03,162.82,758.77,125.15,Attack
242,39754,24,45,3183,2005,1402.51,82.21,289.96,43.59,Normal
243,9838,158,16,5859,548,79509.21,375.45,1128.38,106.43,Attack
244,69820,73,16,541,1063,2017.3,114.96,97.76,200.54,Normal
245,13805,59,21,27693,3328,245975.62,515.05,1170.24,44.92,Attack
246,5206,56,40,7209,5234,24697.91,69.76,181.13,265.73,Normal
247,38159,40,40,7817,5502,10689.14,68.7,67.99,278.43,Normal
248,28897,28,54,3066,4461,45497.11,104.56,99.83,34.94,Normal
249,18403,12,21,7857,5587,31367.49,21.17,125.79,143.34,Normal
250,57662,67,15,1134,3661,31164.77,19.1,154.3,44.8,Normal
251,25545,417,16,26281,3602,225462.1,843.96,1035.07,38.59,Attack
252,61958,33,69,3000,2045,34655.24,141.16,287.87,98.29,Normal
253,982,461,33,25810,995,124376.69,253.1,631.11,94.24,Attack
254,65713,16,7,2969,3826,15710.85,76.75,191.56,178.89,Normal
255,15729,8,53,2753,6240,10446.22,39.64,251.72,118.79,Normal
256,11285,306,13,32491,1286,175746.47,678.32,754.34,21.58,Attack
257,66087,40,8,4190,3506,33545.87,80.02,256.0,96.08,Normal
258,8782,376,22,41322,2718,112385.69,976.82,776.61,130.84,Attack
259,73840,74,69,6113,665,40488.37,7.25,105.4,78.73,Normal
260,27056,420,5,7962,770,170087.58,702.38,478.47,90.42,Attack
261,28093,54,34,7610,239,49709.9,28.49,104.18,59.83,Normal
262,53925,13,39,2908,836,43510.8,53.63,222.24,171.25,Normal
263,23167,371,13,49505,729,32940.89,224.59,323.23,10.7,Attack
264,15965,53,4,3769,5239,48273.38,48.0,210.34,246.84,Normal
265,71199,75,53,5335,3703,43986.52,92.64,77.22,101.35,Normal
266,27399,31,56,4635,4010,31381.04,59.34,94.11,239.89,Normal
267,8911,484,19,34038,695,129170.78,798.32,870.03,26.2,Attack
268,29538,16,67,1452,4052,744.53,103.53,201.36,58.32,Normal
269,16341,222,39,14280,2641,150567.12,508.22,721.95,12.12,Attack
270,30939,22,37,4262,4949,31083.44,110.89,76.92,219.95,Normal
271,77082,23,28,5490,2130,47798.42,27.44,34.86,37.81,Normal
272,21371,28,53,5745,1200,30711.52,131.13,43.0,251.61,Normal
273,24830,73,65,575,4852,5237.87,14.86,192.18,270.84,Normal
274,55993,10,56,926,1589,46395.3,20.89,60.91,111.02,Normal
275,50017,14,10,6602,466,27023.47,65.02,30.42,39.81,Normal
276,1202,391,31,27742,4535,224836.35,380.98,1191.77,53.84,Attack
277,28107,204,34,6518,974,39424.26,877.28,365.3,51.84,Attack
278,27849,453,25,35109,245,106987.89,773.01,985.64,78.01,Attack
279,31641,42,12,7942,1067,16554.52,58.19,219.61,197.84,Normal
280,26834,62,28,1950,4961,2004.16,53.11,57.17,76.12,Normal
281,10801,21,48,1996,2206,17704.79,120.59,46.07,238.05,Normal
282,58351,73,11,5253,2025,41049.85,114.39,210.68,215.9,Normal
283,18430,203,6,46243,1079,115966.13,766.51,493.95,119.2,Attack
284,34299,17,17,6210,6748,2648.92,53.95,191.72,97.49,Normal
285,26976,17,20,909,5193,11175.92,26.94,151.59,240.98,Normal
286,14450,453,3,47051,2644,86810.82,634.67,1148.5,20.59,Attack
287,56885,55,9,1589,2319,28110.28,50.84,143.89,213.34,Normal
288,24372,148,33,8676,4807,124839.11,412.76,973.55,83.3,Attack
289,10701,398,39,46167,184,69979.12,522.36,936.24,141.81,Attack
290,77991,56,67,7474,3191,23527.68,4.6,275.05,189.43,Normal
291,25917,186,7,27931,2962,190889.63,735.54,326.36,85.74,Attack
292,23070,55,61,2465,577,47902.45,78.19,113.53,75.8,Normal
293,315,166,21,24233,2237,234443.45,829.23,452.8,26.37,Attack
294,22019,49,27,7908,3788,40963.76,99.9,226.88,31.02,Normal
295,38827,61,3,529,6817,5148.09,110.88,176.01,76.82,Normal
296,20708,51,4,6531,4113,30591.3,126.46,108.9,44.6,Normal
297,15647,70,57,5840,865,20266.14,109.46,153.18,56.71,Normal
298,2032,327,18,35981,3720,70782.01,437.9,904.08,120.53,Attack
299,19696,213,33,15626,4440,235385.64,373.26,819.62,16.17,Attack
300,24920,416,6,9370,254,194561.04,846.38,241.5,139.93,Attack
301,3744,392,12,22200,2522,125295.88,159.87,809.94,22.9,Attack
302,66135,22,9,1462,733,39136.01,149.45,270.98,87.94,Normal
303,11655,59,35,6072,6129,27227.88,115.06,232.82,160.39,Normal
304,31309,5,12,3494,3928,4123.2,92.33,181.32,181.47,Normal
305,60016,9,25,3842,6372,2886.5,145.21,294.36,261.23,Normal
306,26918,79,45,7764,5926,14601.21,88.96,111.34,274.64,Normal
307,44790,55,53,7160,3912,20513.78,123.93,119.46,219.06,Normal
308,7869,69,4,1971,5613,12225.09,131.62,192.52,25.97,Normal
309,27299,46,24,5816,1035,43473.04,7.21,157.22,155.38,Normal
310,7693,39,62,538,6503,34320.78,2.8,253.63,128.93,Normal
311,79740,30,43,1760,2485,9089.46,39.22,150.53,87.88,Normal
312,66267,51,54,2232,1913,44268.22,6.26,253.91,105.98,Normal
313,14924,140,17,34231,326,50981.75,953.87,537.65,91.7,Attack
314,24089,143,37,21194,3565,113429.84,472.44,1138.89,105.5,Attack
315,31105,11,6,2621,912,34631.57,99.54,68.33,242.76,Normal
316,39584,68,36,5629,3324,16983.59,86.21,298.06,179.98,Normal
317,14796,140,39,20438,4767,196870.41,675.13,800.28,83.24,Attack
318,59268,29,62,3315,4729,15742.53,95.86,51.44,148.27,Normal
319,16716,481,30,27192,3747,172510.33,612.54,616.15,136.67,Attack
320,58006,55,14,7487,171,4838.32,41.52,225.47,221.39,Normal
321,71842,54,34,5408,178,5776.36,40.49,125.14,139.32,Normal
322,11855,352,35,40192,3117,131885.24,474.6,953.73,20.7,Attack
323,72121,39,35,348,1854,24867.75,16.06,267.01,141.92,Normal
324,7966,411,4,48764,3680,246327.24,986.77,895.62,60.17,Attack
325,17185,30,59,1985,3891,17181.66,63.01,107.53,137.31,Normal
326,55336,55,34,5903,6409,26881.41,126.13,163.26,80.01,Normal
327,43660,41,35,2543,4693,26792.89,23.36,206.66,183.27,Normal
328,49064,5,54,3960,5589,8816.7,1.48,133.82,252.43,Normal
329,7911,22,22,4478,942,874.36,140.67,112.28,100.3,Normal
330,8752,487,31,37182,3031,247627.91,954.28,479.42,59.95,Attack
331,43623,62,59,1721,5219,19733.63,139.28,242.88,217.12,Normal
332,64735,71,58,2274,186,23399.84,75.88,181.53,67.55,Normal
333,13792,73,44,6141,6018,36789.09,9.67,44.03,153.89,Normal
334,71803,73,27,7843,5592,21375.19,33.19,141.18,80.56,Normal
335,42157,37,54,1666,6596,43235.02,97.23,132.71,41.83,Normal
336,18545,21,55,5073,3759,37053.24,19.09,48.8,59.28,Normal
337,10015,212,38,39510,2380,212900.9,283.75,1093.99,142.99,Attack
338,33251,77,6,5216,3577,43959.73,84.47,258.31,224.72,Normal
339,37711,39,49,1013,4115,47594.47,83.58,55.34,185.54,Normal
340,68335,23,42,4426,1397,49338.19,118.25,295.71,161.01,Normal
341,50758,71,26,386,3888,8594.43,46.63,37.34,178.75,Normal
342,51214,53,26,4684,423,22862.5,62.48,168.34,104.9,Normal
343,17413,89,28,48326,4977,242797.99,240.38,853.38,43.48,Attack
344,125,190,22,10755,4967,216544.13,544.73,1069.61,74.73,Attack
345,56663,65,47,2867,4815,26913.33,69.62,261.75,101.39,Normal
346,53555,28,61,5690,2289,48584.06,22.2,234.32,65.81,Normal
347,3767,328,7,21873,300,119322.6,271.65,994.48,72.18,Attack
348,19267,165,17,18318,711,163190.59,732.38,1144.67,60.62,Attack
349,34855,12,13,510,6492,6533.36,69.77,190.17,184.32,Normal
350,11102,79,5,5890,6882,32718.43,62.08,266.04,249.44,Normal
351,35746,78,63,7292,3646,25089.96,90.92,42.33,67.57,Normal
352,14894,131,17,42525,1250,33218.22,958.18,253.51,107.96,Attack
353,42194,52,49,7520,4283,49818.53,123.55,292.44,134.9,Normal
354,53404,77,3,2832,928,7253.77,120.94,104.74,194.93,Normal
355,14485,452,27,34943,4783,194611.22,902.7,1052.98,29.3,Attack
356,32266,13,11,1658,2532,43461.96,126.29,145.42,227.52,Normal
357,7557,70,28,4613,5947,10996.22,31.17,184.38,155.34,Normal
358,23073,427,32,7093,2554,186811.09,551.42,815.25,130.89,Attack
359,56407,31,59,2004,4049,28581.95,120.21,187.36,165.89,Normal
360,72863,42,58,3761,5114,26194.55,43.6,293.74,113.95,Normal
361,75592,65,65,4403,1585,47614.68,66.2,74.81,226.58,Normal
362,9014,42,59,4521,255,3477.05,124.92,222.79,125.76,Normal
363,9499,21,65,5593,3096,48164.88,83.71,261.04,61.43,Normal
364,28247,50,6,4701,4671,12184.5,124.3,239.42,166.2,Normal
365,71557,65,23,2258,1866,22542.61,76.9,94.47,54.62,Normal
366,8890,23,36,5895,6333,10927.78,10.14,168.38,60.84,Normal
367,48484,30,18,1138,5579,14070.95,66.59,89.15,268.98,Normal
368,73027,25,7,2230,1044,27913.21,68.01,273.66,55.65,Normal
369,21646,20,33,4311,669,27188.48,85.19,110.98,190.19,Normal
370,6574,331,1,29473,4434,147315.31,456.37,826.32,148.52,Attack
371,61886,14,15,3228,2895,45084.74,96.48,154.82,117.97,Normal
372,6520,364,17,6920,2358,217568.69,924.11,985.81,41.68,Attack
373,51975,9,27,471,266,45051.14,23.18,147.34,40.99,Normal
374,45764,8,64,1163,1726,36021.09,12.48,82.95,204.15,Normal
375,71105,34,52,3764,1859,33261.04,54.97,136.54,191.17,Normal
376,51717,65,35,1700,3680,18975.96,65.38,274.94,220.36,Normal
377,27176,252,3,45585,136,149162.21,654.68,789.95,135.4,Attack
378,63053,41,17,688,3144,20641.94,115.61,64.09,146.6,Normal
379,29300,6,8,6412,2869,4138.09,110.31,290.41,163.13,Normal
380,11776,70,40,3926,3254,49970.98,13.24,157.25,184.78,Normal
381,20707,50,44,7319,5496,33987.41,28.59,123.94,136.98,Normal
382,3742,427,11,17625,1970,143124.23,799.12,482.8,53.65,Attack
383,46090,68,4,1822,5445,34171.3,73.57,70.84,178.27,Normal
384,20338,23,22,1092,559,46879.41,114.15,62.55,230.82,Normal
385,23644,291,22,42887,3503,194524.49,107.84,255.53,35.57,Attack
386,14268,12,64,5608,3658,26228.81,2.64,171.3,237.58,Normal
387,32751,21,37,4045,784,22793.36,126.45,43.81,156.54,Normal
388,69925,20,5,845,1861,36494.87,22.81,60.99,61.36,Normal
389,72172,71,38,4432,1973,18639.85,98.82,283.34,237.71,Normal
390,28483,36,66,3563,3389,12258.39,36.64,119.16,123.94,Normal
391,15484,222,21,15825,2185,150028.74,874.94,602.78,131.09,Attack
392,6202,90,3,10039,3055,121353.01,118.47,1056.49,48.61,Attack
393,21265,395,24,41963,110,52809.29,154.54,1188.52,64.62,Attack
394,11295,77,56,7783,676,24435.51,110.23,170.79,222.71,Normal
395,59240,27,10,7520,6014,12068.75,95.79,60.74,79.06,Normal
396,1857,286,35,10285,3679,219533.02,896.12,575.81,88.58,Attack
397,6453,242,32,17905,3360,114966.64,978.57,960.42,41.23,Attack
398,44734,50,11,7690,5570,10821.27,52.75,63.21,189.85,Normal
399,28328,30,45,7269,3938,21475.04,108.59,200.45,50.98,Normal
400,66434,62,25,938,6680,9466.89,2.39,270.92,43.3,Normal
401,20151,68,56,5054,5805,5790.41,60.82,39.36,230.01,Normal
402,40777,9,56,1136,5574,9177.5,45.51,252.42,252.0,Normal
403,26566,454,25,33327,3661,200893.91,167.34,1114.97,88.02,Attack
404,79290,57,51,4588,878,11981.38,87.42,98.69,186.34,Normal
405,18893,73,19,39761,2737,206296.56,380.52,799.63,107.07,Attack
406,8811,238,5,49717,3022,228680.62,802.5,495.65,118.3,Attack
407,24190,73,18,253,3294,33413.13,69.27,193.02,28.75,Normal
408,19760,291,5,14741,2606,119786.19,172.2,747.24,29.92,Attack
409,48525,58,21,5005,6385,4740.08,49.9,59.17,135.35,Normal
410,51843,76,11,692,740,15909.73,103.64,230.66,56.34,Normal
411,60680,76,57,5022,3243,12258.43,56.45,100.28,192.93,Normal
412,40920,54,61,4324,6864,42792.06,46.19,85.32,217.83,Normal
413,64040,37,57,5927,3374,40396.63,92.78,47.18,94.21,Normal
414,24834,408,36,17360,3656,169037.51,507.62,773.22,98.51,Attack
415,16111,19,25,7894,6785,46388.21,109.17,60.4,261.95,Normal
416,75316,79,9,5339,4061,49627.93,66.09,62.68,150.68,Normal
417,10600,49,58,7711,5357,21695.88,75.24,160.15,267.45,Normal
418,55636,73,51,2522,5465,7412.74,99.24,224.23,142.98,Normal
419,76211,37,11,7087,4945,48485.91,79.53,155.26,275.92,Normal
420,7106,209,11,21346,2811,190431.64,668.48,606.56,112.16,Attack
421,5860,62,3,2281,1104,27990.5,52.57,83.49,234.72,Normal
422,27982,361,29,12674,534,127649.02,946.7,426.74,30.2,Attack
423,2995,329,33,10283,2657,208797.0,736.01,837.09,128.28,Attack
424,45757,47,64,7019,4601,18282.05,122.28,295.95,105.06,Normal
425,12101,414,20,42164,2206,64909.35,185.42,437.08,23.82,Attack
426,44504,53,66,353,1286,43479.43,82.65,295.55,127.45,Normal
427,25932,40,43,3721,6281,20970.68,24.85,210.31,174.4,Normal
428,15627,5,42,3267,2146,31762.23,69.51,153.99,32.02,Normal
429,61835,36,31,2241,3086,6855.52,117.95,85.89,224.37,Normal
430,11937,154,15,16336,2992,97518.99,721.61,972.52,107.96,Attack
431,28078,301,36,30917,791,119005.1,759.7,317.01,137.85,Attack
432,13392,21,12,1839,6707,16149.73,69.46,246.97,83.08,Normal
433,78523,53,68,1187,2319,6260.14,4.25,122.66,241.0,Normal
434,719,95,8,22568,1998,202429.93,977.84,949.43,68.91,Attack
435,77409,69,57,3054,2619,19858.54,93.96,47.61,235.81,Normal
436,13308,60,31,4465,3954,39606.51,63.4,211.7,126.49,Normal
437,78744,38,51,2028,3267,5653.43,106.44,169.47,189.26,Normal
438,75271,37,27,2824,2163,29537.12,104.65,58.14,226.18,Normal
439,67955,30,9,7654,3537,43479.49,60.4,171.32,134.78,Normal
440,37097,8,38,2666,4356,4911.66,112.95,284.27,270.69,Normal
441,69505,17,12,1440,1157,6544.44,71.93,196.13,35.06,Normal
442,13479,83,9,35949,694,128205.12,199.06,1054.26,24.99,Attack
443,38828,69,68,5621,6197,11719.49,90.14,168.42,119.3,Normal
444,75467,66,40,2619,3603,33576.53,36.86,150.7,149.35,Normal
445,24508,9,39,3360,664,15623.45,116.73,47.94,92.72,Normal
446,10311,339,30,15103,866,155655.71,497.57,539.77,141.63,Attack
447,66373,31,53,5587,1056,33063.34,4.12,257.19,155.16,Normal
448,34592,57,16,2936,702,12114.78,13.01,133.64,29.93,Normal
449,14222,244,17,31149,288,50752.03,188.72,493.78,56.5,Attack
450,55300,71,3,7512,608,39210.39,9.5,190.29,222.37,Normal
451,75091,25,35,2250,4583,36975.25,93.32,161.67,135.62,Normal
452,70697,44,5,1450,6300,13277.6,64.49,275.49,98.54,Normal
453,10947,220,28,21901,494,146947.03,451.53,759.58,48.21,Attack
454,14692,16,64,1336,4436,29851.07,92.67,238.44,251.54,Normal
455,12967,182,10,15451,1786,43890.86,948.15,973.38,17.25,Attack
456,39698,48,10,7893,1832,17391.77,127.13,41.35,266.66,Normal
457,28499,125,19,7426,4903,150855.38,491.85,323.4,40.56,Attack
458,76295,18,8,238,5540,12552.37,20.63,265.64,229.89,Normal
459,21642,297,13,38458,3695,226176.39,353.73,546.89,135.9,Attack
460,72270,51,13,7326,941,32550.0,7.43,253.94,84.26,Normal
461,30342,60,49,4697,4266,19299.4,133.15,177.6,128.81,Normal
462,45397,33,26,6966,2958,6978.25,30.0,207.33,111.8,Normal
463,57995,55,6,7879,5439,25983.46,149.51,151.83,268.76,Normal
464,37217,51,60,1555,2077,40393.31,8.79,146.08,141.79,Normal
465,43467,15,19,4561,5333,41219.41,67.84,193.91,105.65,Normal
466,10895,41,22,631,2193,19849.85,84.66,127.7,204.48,Normal
467,23431,73,41,7164,3261,43418.06,144.91,153.74,111.85,Normal
468,60766,20,21,2114,1257,26287.42,91.92,51.65,27.53,Normal
469,19227,328,31,29944,2344,131535.04,576.89,1122.37,126.84,Attack
470,12392,24,29,1026,3305,22710.33,34.47,209.55,221.08,Normal
471,5301,61,65,5381,151,26193.46,140.03,137.19,131.21,Normal
472,27908,198,6,34315,3139,240869.52,215.14,668.33,13.82,Attack
473,42504,35,49,4159,2405,3483.24,122.85,220.0,128.3,Normal
474,23083,296,32,34340,1687,237360.11,426.19,1054.7,51.31,Attack
475,16093,34,69,1024,1036,28333.69,41.69,194.13,206.87,Normal
476,2395,373,34,7994,4459,75593.31,893.45,576.53,67.52,Attack
477,30945,30,28,7081,4930,43468.81,140.59,216.97,224.0,Normal
478,59045,5,15,4694,363,34909.66,41.2,292.31,271.34,Normal
479,13716,47,50,3370,5533,8044.59,74.97,129.64,130.48,Normal
480,56005,23,53,3357,6690,39991.78,120.01,217.42,27.26,Normal
481,49262,44,42,5519,2578,33114.83,15.66,232.18,252.74,Normal
482,44353,58,66,590,3492,40982.79,147.02,112.43,197.59,Normal
483,25068,150,20,30991,1923,222317.55,104.81,215.82,37.79,Attack
484,13110,23,19,371,721,32136.44,38.95,268.12,56.83,Normal
485,5790,327,25,44930,112,91794.03,441.21,1103.3,48.23,Attack
486,31854,59,52,5960,4920,2447.51,110.87,148.89,125.76,Normal
487,25951,181,20,15278,2303,210762.55,494.61,389.14,31.85,Attack
488,53747,65,11,4875,5119,22636.53,73.65,68.38,99.79,Normal
489,71690,67,3,3412,4623,13199.86,31.4,298.77,157.64,Normal
490,8648,270,7,26869,186,132077.83,667.52,410.78,116.66,Attack
491,74163,79,32,6095,2503,25110.15,143.52,120.51,236.02,Normal
492,28347,414,15,28248,1838,33013.68,412.36,478.13,115.0,Attack
493,30658,66,30,6336,5383,2485.4,82.88,52.07,187.41,Normal
494,13680,53,40,4659,1959,44952.51,25.56,106.01,96.66,Normal
495,66228,79,46,7611,738,8768.57,80.76,277.07,93.91,Normal
496,55015,16,64,1836,2037,1983.69,134.37,270.37,275.15,Normal
497,52202,7,20,1006,2870,44762.45,65.67,121.49,141.71,Normal
498,6150,65,44,4335,4940,20447.52,147.21,243.03,83.2,Normal
499,5185,474,14,48664,4640,221100.72,212.7,908.12,44.47,Attack
500,11910,32,26,4397,2234,26022.0,135.36,33.4,248.66,Normal
